file_name,Pokemon Name,Pokemon Type
1,Bulbasaur,grass/pioson
2,ivysaur,grass/poison
3,Venusaur,grass/poison
3-mega,mega Venusaur,grass/poison
4,Charmander,fire
5,Charmeleon,fire
6,Charizard,fire/flying
6-mega-y,mega charizard y,fire/flying
6-mega-x,mega charizard x,fire/dragon
7,Squirtle,water
8,Wartortle,water
9,Blastoise,water
9-mega,mega Blastoise,water
10,Caterpie,bug
11,Metapod,bug
12,Butterfree,bug/flying
13,Weedle,bug/poison
14,Kakuna,bug/poison
15,Beedrill,bug/poison
15-mega,mega Beedrill,bug/poison
16
17
18
18-mega
19
20
21
22
23
24
25
25-rock-star
25-pop-star
25-phd
25-libre
25-belle
26
27
28
29
30
31
32
33
34
35
36
37
38
39
40
41
42
43
44
45
46
47
48
49
50
51
52
53
54
55
56
57
58
59
60
61
62
63
64
65
65-mega
66
67
68
69
70
71
72
73
74
75
76
77
78
79
80
80-mega
81
82
83
84
85
86
87
88
89
90
91
92
93
94
94-mega
95
96
97
98
99
100
101
102
103
104
105
106
107
108
109
110
111
112
113
114
115
115-mega
116
117
118
119
120
121
122
123
124
125
126
127
127-mega
128
129
130
130-mega
131
132
133
134
135
136
137
138
139
140
141
142
142-mega
143
144
145
146
147
148
149
150
150-mega-y
150-mega-x
151
152
153
154
155
156
157
158
159
160
161
162
163
164
165
166
167
168
169
170
171
172
173
174
175
176
177
178
179
180
181
181-mega
182
183
184
185
186
187
188
189
190
191
192
193
194
195
196
197
198
199
200
201-f
202
203
204
205
206
207
208
208-mega
209
210
211
212
212-mega
213
214
214-mega
215
216
217
218
219
220
221
222
223
224
225
226
227
228
229
229-mega
230
231
232
233
234
235
236
237
238
239
240
241
242
243
244
245
246
247
248
248-mega
249
250
251
252
253
254
254-mega
255
256
257
257-mega
258
259
260
260-mega
261
262
263
264
265
266
267
268
269
270
271
272
273
274
275
276
277
278
279
280
281
282
282-mega
283
284
285
286
287
288
289
290
291
292
293
294
295
296
297
298
299
300
301
302
302-mega
303
303-mega
304
305
306
306-mega
307
308
308-mega
309
310
310-mega
311
312
313
314
315
316
317
318
319
319-mega
320
321
322
323
323-mega
324
325
326
327
328
329
330
331
332
333
334
334-mega
335
336
337
338
339
340
341
342
343
344
345
346
347
348
349
350
351
352
353
354
354-mega
355
356
357
358
359
359-mega
360
361
362
362-mega
363
364
365
366
367
368
369
370
371
372
373
373-mega
374
375
376
376-mega
377
378
379
380
380-mega
381
381-mega
382
382-primal
383
383-primal
384
384-mega
385
386-speed
386-normal
386-defense
386-attack
387
388
389
390
391
392
393
394
395
396
397
398
399
400
401
402
403
404
405
406
407
408
409
410
411
413-trash
413-sandy
413-plant
412-trash
412-sandy
412-plant
414
415
416
417
418
419
420
423-west
423-east
422-west
422-east
421-sunshine
421-overcast
424
425
426
427
428
428-mega
429
430
431
432
433
434
435
436
437
438
439
440
441
442
443
444
445
445-mega
446
447
448
448-mega
449
450
451
452
453
454
455
456
457
458
459
460
460-mega
461
462
463
464
465
466
467
468
469
470
471
472
473
474
475
475-mega
476
477
478
479
479-wash
479-mow
479-heat
479-frost
479-fan
480
481
482
483
484
485
486
487-origin
487-altered
488
489
490
491
493-normal
492-sky
492-land
494
495
496
497
498
499
500
501
502
503
504
505
506
507
508
509
510
511
512
513
514
515
516
517
518
519
520
521
521f
522
523
524
525
526
527
528
529
530
531
531-mega
532
533
534
535
536
537
538
539
540
541
542
543
544
545
546
547
548
549
550-red-striped
550-blue-striped
551
552
553
554
555-standard
556
557
558
559
560
561
562
563
564
565
566
567
568
569
570
571
572
573
574
575
576
577
578
579
580
581
582
583
584
586-winter
586-summer
586-spring
586-autumn
585-winter
585-summer
585-spring
585-autumn
587
588
589
590
591
592
592f
593
593f
594
595
596
597
598
599
600
601
602
603
604
605
606
607
608
609
610
611
612
613
614
615
616
617
618
619
620
621
622
623
624
625
626
627
628
629
630
631
632
633
634
635
636
637
638
639
640
642-therian
642-incarnate
641-therian
641-incarnate
643
644
645-therian
645-incarnate
646
647-resolute
647-ordinary
646-white
646-black
648
648-pirouette
649
650
651
652
653
654
655
656
657
658
659
660
661
662
663
664
665
666
666-elegant
667
668
668f
669
670
671
672
673
674
675
676
676-star
676-heart
676-diamond
677
678
678f
679
680
681
681-shield
681-blade
682
683
684
685
686
687
688
689
690
691
692
693
694
695
696
697
698
699
700
701
702
703
704
705
706
707
708
709
710
711
712
713
714
715
716
717
718
719
719-mega
720
720-unbound
721
